{
    "name": "root",
    "metadata": {
        "timer_format_version": "0.1.0",
        "start_time_seconds": "1652562945",
        "python_version": "3.6.13 |Anaconda, Inc.| (default, Mar 16 2021, 11:37:27) [MSC v.1916 64 bit (AMD64)]",
        "command_line_arguments": "C:\\Users\\mercy\\anaconda3\\envs\\ml\\Scripts\\mlagents-learn --run-id airv1.0 --force",
        "mlagents_version": "0.28.0",
        "mlagents_envs_version": "0.28.0",
        "communication_protocol_version": "1.5.0",
        "pytorch_version": "1.7.1+cu110",
        "numpy_version": "1.19.2",
        "end_time_seconds": "1652562996"
    },
    "total": 51.3164807,
    "count": 1,
    "self": 0.00763380000000069,
    "children": {
        "run_training.setup": {
            "total": 0.0928503,
            "count": 1,
            "self": 0.0928503
        },
        "TrainerController.start_learning": {
            "total": 51.2159966,
            "count": 1,
            "self": 0.0862079999999068,
            "children": {
                "TrainerController._reset_env": {
                    "total": 8.146548000000001,
                    "count": 1,
                    "self": 8.146548000000001
                },
                "TrainerController.advance": {
                    "total": 42.866454800000085,
                    "count": 4071,
                    "self": 0.07841480000021761,
                    "children": {
                        "env_step": {
                            "total": 33.05263379999993,
                            "count": 4071,
                            "self": 22.123291199999795,
                            "children": {
                                "SubprocessEnvManager._take_step": {
                                    "total": 10.88606150000017,
                                    "count": 4071,
                                    "self": 0.14338370000034928,
                                    "children": {
                                        "TorchPolicy.evaluate": {
                                            "total": 10.742677799999822,
                                            "count": 2258,
                                            "self": 2.720976099999925,
                                            "children": {
                                                "TorchPolicy.sample_actions": {
                                                    "total": 8.021701699999896,
                                                    "count": 2257,
                                                    "self": 8.021701699999896
                                                }
                                            }
                                        }
                                    }
                                },
                                "workers": {
                                    "total": 0.04328109999996599,
                                    "count": 4070,
                                    "self": 0.0,
                                    "children": {
                                        "worker_root": {
                                            "total": 44.07733429999988,
                                            "count": 4070,
                                            "is_parallel": true,
                                            "self": 25.41445519999979,
                                            "children": {
                                                "steps_from_proto": {
                                                    "total": 0.0007652999999999999,
                                                    "count": 1,
                                                    "is_parallel": true,
                                                    "self": 0.00033459999999999984,
                                                    "children": {
                                                        "_process_rank_one_or_two_observation": {
                                                            "total": 0.00043070000000000006,
                                                            "count": 8,
                                                            "is_parallel": true,
                                                            "self": 0.00043070000000000006
                                                        }
                                                    }
                                                },
                                                "UnityEnvironment.step": {
                                                    "total": 18.662113800000093,
                                                    "count": 4070,
                                                    "is_parallel": true,
                                                    "self": 0.4403065000000659,
                                                    "children": {
                                                        "UnityEnvironment._generate_step_input": {
                                                            "total": 0.2765211000000951,
                                                            "count": 4070,
                                                            "is_parallel": true,
                                                            "self": 0.2765211000000951
                                                        },
                                                        "communicator.exchange": {
                                                            "total": 16.1515984,
                                                            "count": 4070,
                                                            "is_parallel": true,
                                                            "self": 16.1515984
                                                        },
                                                        "steps_from_proto": {
                                                            "total": 1.7936877999999312,
                                                            "count": 4070,
                                                            "is_parallel": true,
                                                            "self": 0.6095539999997206,
                                                            "children": {
                                                                "_process_rank_one_or_two_observation": {
                                                                    "total": 1.1841338000002106,
                                                                    "count": 32560,
                                                                    "is_parallel": true,
                                                                    "self": 1.1841338000002106
                                                                }
                                                            }
                                                        }
                                                    }
                                                }
                                            }
                                        }
                                    }
                                }
                            }
                        },
                        "trainer_advance": {
                            "total": 9.735406199999938,
                            "count": 4070,
                            "self": 0.0919723000000694,
                            "children": {
                                "process_trajectory": {
                                    "total": 9.643433899999868,
                                    "count": 4070,
                                    "self": 9.643433899999868
                                }
                            }
                        }
                    }
                },